{
  "original_json_file": "/outputs/run_20250830_170700.json",
  "original_composed_image": "/outputs/composed_20250830_170700.png",
  "refined_positions": {
    "hair": [
      200,
      180,
      1.2
    ],
    "eye": {
      "left": [
        225,
        200,
        0.3
      ],
      "right": [
        175,
        200,
        0.3
      ],
      "single": [
        0,
        0,
        0
      ]
    },
    "eyebrow": {
      "left": [
        225,
        180,
        0.3
      ],
      "right": [
        175,
        180,
        0.3
      ],
      "single": [
        0,
        0,
        0
      ]
    },
    "nose": [
      200,
      220,
      0.35
    ],
    "mouth": [
      200,
      245,
      0.3
    ],
    "ear": {
      "left": [
        250,
        200,
        0.3
      ],
      "right": [
        150,
        200,
        0.3
      ]
    },
    "outline": [
      200,
      200,
      1.0
    ],
    "acc": [
      0,
      0,
      0
    ],
    "beard": [
      0,
      0,
      0
    ],
    "glasses": [
      0,
      0,
      0
    ]
  },
  "parts_dict": {
    "hair": {
      "part_num": 188,
      "score": 0.13441092620641576
    },
    "eye": {
      "part_num": 20,
      "score": 0.09613669145743647
    },
    "eyebrow": {
      "part_num": 81,
      "score": 0.09774932503165279
    },
    "nose": {
      "part_num": 81,
      "score": 0.13185073365060637
    },
    "mouth": {
      "part_num": 80,
      "score": 0.06997682901133043
    },
    "ear": {
      "part_num": 17,
      "score": 0.06593615712718147
    },
    "outline": {
      "part_num": 19,
      "score": 0.0837283902547068
    }
  },
  "timestamp": "20250830_171536"
}