{
  "original_json_file": "/outputs/run_20250830_164634.json",
  "original_composed_image": "/outputs/composed_20250830_164634.png",
  "refined_positions": {
    "hair": [
      200,
      170,
      1.2
    ],
    "eye": {
      "left": [
        225,
        200,
        0.3
      ],
      "right": [
        175,
        200,
        0.3
      ],
      "single": [
        0,
        0,
        0
      ]
    },
    "eyebrow": {
      "left": [
        225,
        180,
        0.3
      ],
      "right": [
        175,
        180,
        0.3
      ],
      "single": [
        0,
        0,
        0
      ]
    },
    "nose": [
      200,
      220,
      0.35
    ],
    "mouth": [
      200,
      245,
      0.3
    ],
    "ear": {
      "left": [
        250,
        200,
        0.3
      ],
      "right": [
        150,
        200,
        0.3
      ]
    },
    "outline": [
      200,
      200,
      1.0
    ],
    "acc": [
      0,
      0,
      0
    ],
    "beard": [
      0,
      0,
      0
    ],
    "glasses": [
      0,
      0,
      0
    ]
  },
  "parts_dict": {
    "hair": {
      "part_num": 262,
      "score": 0.07952350720606914
    },
    "eye": {
      "part_num": 20,
      "score": 0.09185209283270729
    },
    "eyebrow": {
      "part_num": 95,
      "score": 0.09837088611722362
    },
    "nose": {
      "part_num": 48,
      "score": 0.12108299913309371
    },
    "mouth": {
      "part_num": 80,
      "score": 0.07499396302677233
    },
    "ear": {
      "part_num": 17,
      "score": 0.062379242202349715
    },
    "outline": {
      "part_num": 19,
      "score": 0.06840372089679954
    }
  },
  "timestamp": "20250830_164843"
}